{
  "project_info": {
    "project_number": "553815032516",
    "firebase_url": "https://onlinepharmacystore-fdce1.firebaseio.com",
    "project_id": "onlinepharmacystore-fdce1",
    "storage_bucket": "onlinepharmacystore-fdce1.appspot.com"
  },
  "client": [
    {
      "client_info": {
        "mobilesdk_app_id": "1:553815032516:android:7c13fec03f4ddbda3bbf91",
        "android_client_info": {
          "package_name": "com.example.onlinepharmacystore"
        }
      },
      "oauth_client": [
        {
          "client_id": "553815032516-8ankfnn887bvqa30odqrt7hdg82puve4.apps.googleusercontent.com",
          "client_type": 3
        }
      ],
      "api_key": [
        {
          "current_key": "AIzaSyAOqPxkOkqXZvLd59JEnqXbmhIBU-i_iag"
        }
      ],
      "services": {
        "appinvite_service": {
          "other_platform_oauth_client": [
            {
              "client_id": "553815032516-8ankfnn887bvqa30odqrt7hdg82puve4.apps.googleusercontent.com",
              "client_type": 3
            }
          ]
        }
      }
    }
  ],
  "configuration_version": "1"
}